schema_version,name,stage,status,created_at,git_commit,git_dirty,config_path,config_sha256,profiles,profile_sha256,checkpoint_path,checkpoint_sha256,checkpoint_size_mb,zip_path,zip_sha256,zip_size_mb,branch,router_threshold,soft_gate_temperature,patch_size,chunk_size,overlap,stitching_strategy,script_version,evaluate_py_path,evaluate_py_sha256,official_eval_json,official_score,cd_score,p2s_score,low_cd,mid_cd,high_cd,latency_sec,peak_memory_mb,large_cloud_stress,params_count,model_size_mb,inference_fps_per_10k_points,inference_ms_per_10k_points,baseline_speedup_ratio,baseline_size_ratio,submission_check,official_submitted,official_score_recorded,conclusion,notes
candidate-registry-v1,router_t0165,Phase 1,candidate,2026-05-08T15:57:25+00:00,,false,configs/denoise_pwsenel_v2_adaptive_clip_piecewise.yaml,a7d19a990b96fbd0e507ad81b0981a43afaed1764b46abbf783eabec130d9a62,,,experiments/denoise_pwsenel_v2_adaptive_clip_piecewise/pwsenel_v2_adaptive_clip_piecewise.pkl,123338842aac079c7bbdcf5119e3b2eb72e54533033b4f79d9b8fec700ad86f3,1.592,result_denoise_router_t0165.zip,9a48be56d5cba2d498739c7600ba79a62ce12882cf28d1dcc19b88ee1ef871ef,105.853,UnifiedDenoisePipeline hard_router,0.0165,,8192,8192,0,contiguous_chunks,candidate-registry-v1; python=3.12.13,starter_code/evaluate.py,868e1f458a9b92cb3854182f1ed047debc6303d8b30b154fec268cbc4c000408,,,,,,,,,,,,1.592,,,,,passed,false,false,Phase 1 hard-router candidate; submission check passed; official score pending.,strong_config=configs/denoise_noise_aware_move_gate.yaml; strong_ckpt=experiments/denoise_noise_aware_move_gate/noise_aware_move_gate.pkl
candidate-registry-v1,router_t0155,Phase 1,candidate,2026-05-09T01:42:07+00:00,,false,configs/denoise_pwsenel_v2_adaptive_clip_piecewise.yaml,a7d19a990b96fbd0e507ad81b0981a43afaed1764b46abbf783eabec130d9a62,,,experiments/denoise_pwsenel_v2_adaptive_clip_piecewise/pwsenel_v2_adaptive_clip_piecewise.pkl,123338842aac079c7bbdcf5119e3b2eb72e54533033b4f79d9b8fec700ad86f3,1.592,result_denoise_router_t0155.zip,5123cb756a66a9425fbb653d129079925524c00404a80217b8ffcea774915859,105.793,legacy predict_router hard_router,0.0155,,8192,8192,0,contiguous_chunks,candidate-registry-v1; python=3.12.13,starter_code/evaluate.py,868e1f458a9b92cb3854182f1ed047debc6303d8b30b154fec268cbc4c000408,,,,,,,,,,,,1.592,,,,,passed,true,false,Legacy hard-router candidate; submission check passed; official score not recorded here.,"route_counts=low:140,strong:60; strong_config=configs/denoise_noise_aware_move_gate.yaml; strong_ckpt=experiments/denoise_noise_aware_move_gate/noise_aware_move_gate.pkl; route_file=results/denoise_router_t0155--zip=result_denoise_router_t0155.zip/router_routes.csv"
candidate-registry-v1,router_t016,Phase 1,submitted,2026-05-09T01:42:07+00:00,,false,configs/denoise_pwsenel_v2_adaptive_clip_piecewise.yaml,a7d19a990b96fbd0e507ad81b0981a43afaed1764b46abbf783eabec130d9a62,,,experiments/denoise_pwsenel_v2_adaptive_clip_piecewise/pwsenel_v2_adaptive_clip_piecewise.pkl,123338842aac079c7bbdcf5119e3b2eb72e54533033b4f79d9b8fec700ad86f3,1.592,result_denoise_router_t016.zip,21ef51d63f6813fd3b0b6165392b56e55b31145d3b79c9ae842a95ffcb44cfaa,105.794,legacy predict_router hard_router,0.016,,8192,8192,0,contiguous_chunks,candidate-registry-v1; python=3.12.13,starter_code/evaluate.py,868e1f458a9b92cb3854182f1ed047debc6303d8b30b154fec268cbc4c000408,,39.92,,,,,,,,,,1.592,,,,,passed,true,true,Legacy hard-router official baseline; current stable reference score 39.92.,"route_counts=low:149,strong:51; strong_config=configs/denoise_noise_aware_move_gate.yaml; strong_ckpt=experiments/denoise_noise_aware_move_gate/noise_aware_move_gate.pkl; route_file=results/denoise_router_t016/router_routes.csv"
candidate-registry-v1,denoise_baseline_a6000_full,Phase 1,baseline,2026-05-11T05:01:15+00:00,,false,configs/denoise_baseline.yaml,f50f9088aec1f9dd0d5405e0741431e865119cfd376c2ae08b1b5ad33db3bfd6,configs/profiles/a6000.yaml,f5e569026c39f5d30c3f917d97fbeb26d87b8d69339064f478f9b49a6c7494cd,experiments/denoise_baseline/baseline.pkl,88046552c4471a845ea5b7c141499bbbeaba3f174fcc10319cf9799758ba3259,1.086,result_denoise_baseline_a6000_full.zip,078b44240571f82504aa77d6a2bd31e14049446e21407220f03aefa5eeedf51c,105.756,self_written_residual_denoiser,,,8192,8192,0,contiguous_chunks,candidate-registry-v1; python=3.12.13,starter_code/evaluate.py,868e1f458a9b92cb3854182f1ed047debc6303d8b30b154fec268cbc4c000408,,,,,,,,,,,,1.086,,,,,passed,false,false,A6000 20000-step self-written baseline is a valid submission package; train/predict/zip/check pipeline is closed; expected as innovation baseline rather than strongest official-score candidate.,"final_train: step=20000 loss=0.000130 offset_mse=0.000109 cd=0.000203 elapsed=55613.9s; zip_size=106M; zip_sha256=078b44240571f82504aa77d6a2bd31e14049446e21407220f03aefa5eeedf51c; check_submission OK: 200 files, shape=(50000,3), float32, finite_range=[-1.020535,1.033167]."
candidate-registry-v1,official_vm_fixed_stitch_full_repaired_20260515,official-full,submitted,2026-05-15T14:27:19+00:00,,false,configs/official_vm_fixed_stitch.yaml,,,,experiments/official_vm_fixed_stitch/official_vm_fixed_stitch.pkl,,,result_official_vm_fixed_stitch.zip,a4336dfab51a538e9260395b16d4d18b6aadfb9593fb8398f70fa3772a6c4d76,105.795,official_vm_fixed_stitch,,,8192,50000,0,fixed_stitch,candidate-registry-v1; python=3.12.13,starter_code/evaluate.py,868e1f458a9b92cb3854182f1ed047debc6303d8b30b154fec268cbc4c000408,,48.04,,,,,,,,,,,,,,,"OK: 200 files; shapes={(50000,3):200}; dtypes={float32:200}; finite; matched_test_root=200",true,true,CURRENT_BEST_REFERENCE,"Current best known official-score candidate. Reverified before registry append: result_official_vm_fixed_stitch.zip sha256=a4336dfab51a538e9260395b16d4d18b6aadfb9593fb8398f70fa3772a6c4d76, 200 denoised.npy files, all shape=(50000,3), dtype=float32, finite, matched test_root entries=200. Use as current best reference before any LIR/gated-LIR promotion."
candidate-registry-v1,gated_lir_t2_a075_thr0160_official_20260516,Phase 2,submitted,2026-05-16T09:12:59+08:00,eab675fc97b58d1c6d90b55f820d5dfeb017a2d5,true,configs/denoise_pwsenel_v2_adaptive_clip_piecewise.yaml,a7d19a990b96fbd0e507ad81b0981a43afaed1764b46abbf783eabec130d9a62,,,experiments/denoise_pwsenel_v2_adaptive_clip_piecewise/pwsenel_v2_adaptive_clip_piecewise.pkl,123338842aac079c7bbdcf5119e3b2eb72e54533033b4f79d9b8fec700ad86f3,1.592,/home/sallen/Desktop/result_gated_lir_t2_a075_thr0160_full_20260516.zip,,,UnifiedDenoisePipeline gated LIR-Denoiser v0,0.0160,,8192,8192,0,contiguous_chunks,candidate-registry-v1; python=3.12.3,starter_code/evaluate.py,868e1f458a9b92cb3854182f1ed047debc6303d8b30b154fec268cbc4c000408,,37.16,27.37,46.96,,,,,,,,1.592,,,,,passed,true,true,"Official score 37.16 below current best 48.04; archive as Phase 2 gated-LIR evidence, do not promote.","lir_steps=2; lir_alpha=0.75; threshold=0.0160; full_routes=safe:149,lir:51; mean_CD_pred=0.000181; mean_CD_noisy=0.000246; mean_P2S_pred=0.000119; mean_P2S_noisy=0.000196; current_best_reference=official_vm_fixed_stitch_full_repaired_20260515 score=48.04"
candidate-registry-v1,official_vm_streaming_200_smoke_20260516,official-full,submitted,2026-05-16T17:09:00+08:00,eab675fc97b58d1c6d90b55f820d5dfeb017a2d5,true,configs/official_vm_fixed_stitch.yaml,,,,experiments/official_vm_fixed_stitch/official_vm_fixed_stitch.pkl,,,/home/sallen/Desktop/result_official_vm_streaming_200_smoke_20260516_1648.zip,9d2e038a21de8ff5e4b42ac92e9f8945ca36901d534a17c6844c1564ba0d9de4,105.795,official_vm_fixed_stitch_streaming,,,8192,50000,0,streaming_fixed_stitch,candidate-registry-v1; python=3.12.3,starter_code/evaluate.py,868e1f458a9b92cb3854182f1ed047debc6303d8b30b154fec268cbc4c000408,,48.04,34.04,62.05,,,,,,A6000 200/200 user-run quick predict passed; 500k streaming pressure passed; no SIGKILL in user-run 200 smoke,,,,,,,"passed: 200 files; shape=(50000,3); dtype=float32; finite; matched_test_root=200",true,true,Official score 48.04 ties current best official_vm_fixed_stitch_full_repaired_20260515; streaming path is validated as engineering-safe but not promoted as a score improvement.,mean_CD_pred=0.000163; mean_CD_noisy=0.000246; mean_P2S_pred=0.000100; mean_P2S_noisy=0.000196; zip_sha256=9d2e038a21de8ff5e4b42ac92e9f8945ca36901d534a17c6844c1564ba0d9de4; desktop_zip=/home/sallen/Desktop/result_official_vm_streaming_200_smoke_20260516_1648.zip
candidate-registry-v1,lir_t2_a075_hidden_full_20260517_0555,Phase 2,submitted,2026-05-17T14:10:00+08:00,eab675fc97b58d1c6d90b55f820d5dfeb017a2d5,true,configs/denoise_pwsenel_v2_adaptive_clip_piecewise.yaml,,,,experiments/denoise_pwsenel_v2_adaptive_clip_piecewise/pwsenel_v2_adaptive_clip_piecewise.pkl,,,/home/sallen/Desktop/lir_t2_a075_hidden_full_20260517_0555.zip,246e092aff821f0eb1f35631bb446ca7ee9bcab8c0c145e33635009b1743561b,106,UnifiedDenoisePipeline raw LIR-Denoiser v0,,,8192,8192,0,contiguous_chunks,candidate-registry-v1; python=3.12.3,starter_code/evaluate.py,,,39.08,27.53,50.63,,,,572.2,,,,,,,,,"passed: 200 files; shape=(50000,3); dtype=float32; finite; matched_test_root=200",true,true,"Official score 39.08 below current best 48.04; archive as raw LIR evidence, do not promote.",lir_steps=2; lir_alpha=0.75; full_routes=lir:200; mean_CD_pred=0.000181; mean_CD_noisy=0.000246; mean_P2S_pred=0.000113; mean_P2S_noisy=0.000196; pseudo quick128 final=23.94 CD_score=47.24 worse_than_noisy=0/128; current_best_reference=official_vm_streaming_200_smoke_20260516 score=48.04
candidate-registry-v1,blend_best075_lir025_20260517,Phase 2,submitted,2026-05-17T17:25:00+08:00,eab675fc97b58d1c6d90b55f820d5dfeb017a2d5,true,"blend(current_best_streaming,lir_t2_a075_hidden_full_20260517_0555)",,,,experiments/official_vm_fixed_stitch/official_vm_fixed_stitch.pkl + experiments/denoise_pwsenel_v2_adaptive_clip_piecewise/pwsenel_v2_adaptive_clip_piecewise.pkl,,,/home/sallen/Desktop/result_blend_best075_lir025_20260517.zip,41d1ac9a338a1d1fafb689fe9df8847f55b2fb98d7a63435f6568587beb2d7b2,106,P2S-safe blend: 0.75 official_vm_streaming + 0.25 raw LIR,,,8192,50000/8192,0,zip-level linear blend from aligned denoised.npy outputs,manual zip-level blend; candidate-registry-v1; python=3,starter_code/evaluate.py,,,53.32,40.65,65.99,,,,,,,,,,,,,"passed: 200 files; shape=(50000,3); dtype=float32; finite; matched_test_root=200; finite_range=[-1.014350,1.019200]",true,true,NEW BEST. Beats previous current best 48.04 by +5.28. Conservative blend improved both CD and P2S over official_vm_streaming and raw LIR.,blend=0.75*official_vm_streaming_200_smoke_20260516 + 0.25*lir_t2_a075_hidden_full_20260517_0555; mean_CD_pred=0.000146; mean_CD_noisy=0.000246; mean_P2S_pred=0.000093; mean_P2S_noisy=0.000196; previous_best=48.04 CD=34.04 P2S=62.05; raw_LIR=39.08 CD=27.53 P2S=50.63; blend_disp_from_best_mean=0.00365685; blend_disp_from_best_p95_mean=0.00615082
candidate-registry-v1,noise_gate_adaptive_blend_20260518,Phase 2,submitted,2026-05-18T09:32:18+08:00,eab675fc97b58d1c6d90b55f820d5dfeb017a2d5,true,adaptive_blend_probe(noise_gate; stream+lir noisy-only stats),,,,,,,analysis/adaptive_blend_probe_20260517/result_adaptive_blend_noise_gate_20260517.zip,8442cf8b00bf7faa5727b5eaa50f623af6b1f2c6126eabf35977533c15af3413,105.772,noisy-only adaptive blend: noise_gate over 0.75 stream + 0.25 LIR fixed blend,,,8192,50000/8192,0,zip-level adaptive linear blend from aligned denoised.npy outputs,candidate-registry-v1; python=3.12.3,starter_code/evaluate.py,868e1f458a9b92cb3854182f1ed047debc6303d8b30b154fec268cbc4c000408,,52.57,39.67,65.48,,,,,,,,,,,,,"passed: 200 files; shape=(50000,3); dtype=float32; finite; matched_test_root=200",true,true,Official score 52.57 is above previous VM anchor 48.04 but below current best 53.32; adaptive noise_gate is valid but not promoted to best.,"zip_sha256 expected/verified=8442cf8b00bf7faa5727b5eaa50f623af6b1f2c6126eabf35977533c15af3413; mean_CD_pred=0.000149; mean_CD_noisy=0.000246; mean_P2S_pred=0.000094; mean_P2S_noisy=0.000196; threshold rule: 48.04<52.57<53.32; fixed_best=blend_best075_lir025_20260517 score=53.32 CD=40.65 P2S=65.99; implication: adaptive blend helped over VM anchor but reduced both CD/P2S versus fixed075 best, so do not promote; edge_guard only if deliberately testing more LIR, hybrid_guard still high risk."
candidate-registry-v1,p0_plane_balanced_20260518,Phase 2 P0 v1,candidate,2026-05-18T20:10:51+08:00,eab675fc97b58d1c6d90b55f820d5dfeb017a2d5,true,configs/denoise_baseline.yaml,f50f9088aec1f9dd0d5405e0741431e865119cfd376c2ae08b1b5ad33db3bfd6,,,experiments/denoise_baseline/baseline.pkl,f11637c37f448e55f8b3548e332f3fddc65d42f974910b64859d6103f76355ef,1.086,analysis/p0_geometry_blend_gate_20260518/result_p0_plane_balanced_20260518.zip,4071c32a0ef240a54588afefc81c91c66e2370b8b5151c89fd692fe2be13f990,105.751,p0_geometry_confidence_adaptive_blend,,,1000,,0,hidden_artifact_blend,candidate-registry-v1; python=3.12.3,starter_code/evaluate.py,868e1f458a9b92cb3854182f1ed047debc6303d8b30b154fec268cbc4c000408,,,,,,,,,,,,1.086,,,,,passed: check_submission 200 files float32 finite matched test_root,false,false,candidate only; mean LIR kept at 0.25; first P0 v1 option if user approves official submit,Generated by scripts/p0_geometry_blend_gate.py. No training/no official submit. SHA256 expected 4071c32a0ef240a54588afefc81c91c66e2370b8b5151c89fd692fe2be13f990. Current best remains 53.32 blend_best075_lir025_20260517.
candidate-registry-v1,p0_plane_balanced_20260518,Phase 2 P0 v1,submitted,2026-05-18T20:21:37+08:00,eab675fc97b58d1c6d90b55f820d5dfeb017a2d5,true,configs/denoise_baseline.yaml,f50f9088aec1f9dd0d5405e0741431e865119cfd376c2ae08b1b5ad33db3bfd6,,,experiments/denoise_baseline/baseline.pkl,f11637c37f448e55f8b3548e332f3fddc65d42f974910b64859d6103f76355ef,1.086,analysis/p0_geometry_blend_gate_20260518/result_p0_plane_balanced_20260518.zip,4071c32a0ef240a54588afefc81c91c66e2370b8b5151c89fd692fe2be13f990,105.751,p0_geometry_confidence_adaptive_blend,,,1000,,0,hidden_artifact_blend,candidate-registry-v1; python=3.12.3,starter_code/evaluate.py,868e1f458a9b92cb3854182f1ed047debc6303d8b30b154fec268cbc4c000408,,53.22,40.55,65.90,,,,,,,,1.086,,,,,passed: check_submission 200 files float32 finite matched test_root,true,true,Official score 53.22 is below current best 53.32 by -0.10; not promoted. Plane-residual redistribution is nearly neutral but does not beat fixed075.,mean_CD_pred=0.000146; mean_CD_noisy=0.000246; mean_P2S_pred=0.000093; mean_P2S_noisy=0.000196. Generated by scripts/p0_geometry_blend_gate.py. SHA256 4071c32a0ef240a54588afefc81c91c66e2370b8b5151c89fd692fe2be13f990.
candidate-registry-v1,garad_identity_fixed075_20260519,Phase 1.5 identity smoke,baseline,2026-05-19T13:32:23+08:00,eab675fc97b58d1c6d90b55f820d5dfeb017a2d5,true,configs/denoise_baseline.yaml,f50f9088aec1f9dd0d5405e0741431e865119cfd376c2ae08b1b5ad33db3bfd6,,,experiments/denoise_baseline/baseline.pkl,f11637c37f448e55f8b3548e332f3fddc65d42f974910b64859d6103f76355ef,1.086,analysis/garad_identity_fixed075_20260519/result_garad_identity_fixed075_20260519.zip,4e78c469790e9d33a3fa87e6a41be8cf4618371f46ba3285d21e7a70aeefffcf,105.710,fixed075-base-identity,,,1000,,0,artifact_identity_adapter,candidate-registry-v1; python=3.12.3,starter_code/evaluate.py,868e1f458a9b92cb3854182f1ed047debc6303d8b30b154fec268cbc4c000408,,,,,,,,,,,,1.086,,,,,passed,false,false,Identity adapter chain passes: check_submission OK and movement vs fixed075 is exactly zero.,Suite: analysis/eval_suite_garad_identity_20260519; base fixed075 SHA 41d1ac9a338a1d1fafb689fe9df8847f55b2fb98d7a63435f6568587beb2d7b2; output SHA 4e78c469790e9d33a3fa87e6a41be8cf4618371f46ba3285d21e7a70aeefffcf.
candidate-registry-v1,garad_bounded_tiny_shrink_a002_20260519,Phase 1.5 bounded tiny smoke,candidate,2026-05-19T13:37:50+08:00,eab675fc97b58d1c6d90b55f820d5dfeb017a2d5,true,configs/denoise_baseline.yaml,f50f9088aec1f9dd0d5405e0741431e865119cfd376c2ae08b1b5ad33db3bfd6,,,experiments/denoise_baseline/baseline.pkl,f11637c37f448e55f8b3548e332f3fddc65d42f974910b64859d6103f76355ef,1.086,analysis/garad_bounded_tiny_fixed075_20260519/result_garad_bounded_tiny_shrink_a002_20260519.zip,d48d99a0230e9441c96c32fd9e2ff68dee5d00cc7f41f8001dbda0365f24f61b,105.818,fixed075-base-bounded-tiny,,,1000,,0,artifact_noisy_geometry_delta,candidate-registry-v1; python=3.12.3,starter_code/evaluate.py,868e1f458a9b92cb3854182f1ed047debc6303d8b30b154fec268cbc4c000408,,,,,,,,,,,,1.086,,,,,passed,false,false,"Bounded tiny smoke passes package/risk; shrink direction reduces movement vs noisy slightly, but this is not a submission recommendation without GT/official evidence.",Suite: analysis/eval_suite_garad_bounded_tiny_20260519; vs fixed075 mean=3.84e-06 p95=8.23e-06 max=7.33e-05; gate_mean=0.2007; no clipping.
candidate-registry-v1,garad_bounded_tiny_extend_a002_20260519,Phase 1.5 bounded tiny smoke,archive,2026-05-19T13:37:50+08:00,eab675fc97b58d1c6d90b55f820d5dfeb017a2d5,true,configs/denoise_baseline.yaml,f50f9088aec1f9dd0d5405e0741431e865119cfd376c2ae08b1b5ad33db3bfd6,,,experiments/denoise_baseline/baseline.pkl,f11637c37f448e55f8b3548e332f3fddc65d42f974910b64859d6103f76355ef,1.086,analysis/garad_bounded_tiny_fixed075_20260519/result_garad_bounded_tiny_extend_a002_20260519.zip,f056180acf20a0d9c6cce8954a7f7726030aee1528ef5e080f471c36d8c67b81,105.817,fixed075-base-bounded-tiny,,,1000,,0,artifact_noisy_geometry_delta,candidate-registry-v1; python=3.12.3,starter_code/evaluate.py,868e1f458a9b92cb3854182f1ed047debc6303d8b30b154fec268cbc4c000408,,,,,,,,,,,,1.086,,,,,passed,false,false,"Package/risk pass, but extend direction increases movement vs noisy; archive as contrast.",Suite: analysis/eval_suite_garad_bounded_tiny_20260519; vs fixed075 mean=3.84e-06 p95=8.23e-06 max=7.33e-05.
candidate-registry-v1,garad_bounded_tiny_extend_a005_20260519,Phase 1.5 bounded tiny smoke,archive,2026-05-19T13:37:50+08:00,eab675fc97b58d1c6d90b55f820d5dfeb017a2d5,true,configs/denoise_baseline.yaml,f50f9088aec1f9dd0d5405e0741431e865119cfd376c2ae08b1b5ad33db3bfd6,,,experiments/denoise_baseline/baseline.pkl,f11637c37f448e55f8b3548e332f3fddc65d42f974910b64859d6103f76355ef,1.086,analysis/garad_bounded_tiny_fixed075_20260519/result_garad_bounded_tiny_extend_a005_20260519.zip,cd574f7abf023ac2e09d1d5c3c2b54bd4db0d416fc2cd35d0034c5e998107dd4,105.817,fixed075-base-bounded-tiny,,,1000,,0,artifact_noisy_geometry_delta,candidate-registry-v1; python=3.12.3,starter_code/evaluate.py,868e1f458a9b92cb3854182f1ed047debc6303d8b30b154fec268cbc4c000408,,,,,,,,,,,,1.086,,,,,passed,false,false,"Package/risk pass, but larger extend direction increases movement vs noisy more; archive as upper-risk contrast.",Suite: analysis/eval_suite_garad_bounded_tiny_20260519; vs fixed075 mean=9.60e-06 p95=2.06e-05 max=1.83e-04.
candidate-registry-v1,garad_shrink_a002_fixed075_20260519,Phase 1.5 artifact-level fixed075 shrink-only bounded adapter,candidate,2026-05-19T20:56:33+08:00,cbc86103fa20cdeb2cddab1bb77d29873aa6c310,false,configs/denoise_baseline.yaml,f50f9088aec1f9dd0d5405e0741431e865119cfd376c2ae08b1b5ad33db3bfd6,,,experiments/denoise_baseline/baseline.pkl,f11637c37f448e55f8b3548e332f3fddc65d42f974910b64859d6103f76355ef,1.086,analysis/garad_shrink_only_candidate_20260519/result_garad_bounded_tiny_shrink_a002_20260519.zip,73b6e733828c350cc9fa6ffc63be59767365b126760a1ec6b566b28b0e6b8ac6,105.817,main,,,1000,,0,contiguous_chunks,candidate-registry-v1; python=3.12.3,starter_code/evaluate.py,868e1f458a9b92cb3854182f1ed047debc6303d8b30b154fec268cbc4c000408,,,,,,,,,,,,1.086,,,,,passed,false,false,"Hidden-test-safe artifact candidate; check_submission and Phase 0 package/movement suite passed, but no official CD/P2S claim. Movement vs fixed075 is tiny and proxy-only, so not a direct submission recommendation.","Generated by scripts/garad_bounded_tiny_adapter.py from fixed075 base. shrink rule tiny_shrink_a002, k=24, alpha=0.002, max_step_ratio=0.010, direction_sign=-1. SHA256 73b6e733828c350cc9fa6ffc63be59767365b126760a1ec6b566b28b0e6b8ac6. Phase0 suite: analysis/eval_suite_20260519_shrink_candidate; movement_vs_fixed075 mean 3.976e-06, p95 8.504e-06, max 7.327e-05."
candidate-registry-v1,garad_lam20_fixed075_20260520,Phase 1.5 GARA-D trained adapter,submitted,2026-05-20T08:41:52+08:00,cbc86103fa20cdeb2cddab1bb77d29873aa6c310,true,analysis/a6000_fixed075_fast_ablation_lam_seed_control2_20260519_2313/garad_ms002_lam20_seed20260530/garad_v0.pkl + fixed075 base,,,,,,,/home/sallen/Desktop/result_garad_lam20_fixed075_20260520.zip,56ba484d9fbd57ad511262006bb6b2bfe187d7040c945521767ea8632af11966,105.819,GARA-D lam20 NumPy-forward trained adapter on fixed075 base,,,8192,50000/8192,0,NumPy GARADv0 forward from fixed075 base; one-sample subprocess artifact generation,candidate-registry-v1; python=3.12.3,starter_code/evaluate.py,868e1f458a9b92cb3854182f1ed047debc6303d8b30b154fec268cbc4c000408,,53.43,40.80,66.07,,,,,,,,,,,,,"passed: 200 files; shape=(50000,3); dtype=float32; finite; matched_test_root=200",true,true,NEW BEST. Beats fixed075 53.32 by +0.11; improves CD 40.65->40.80 and P2S 65.99->66.07.,"zip_sha256 expected/verified=56ba484d9fbd57ad511262006bb6b2bfe187d7040c945521767ea8632af11966; official returned score=53.43, CD_score=40.80, P2S_score=66.07, mean_CD_pred=0.000146, mean_CD_noisy=0.000246, mean_P2S_pred=0.000093, mean_P2S_noisy=0.000196; previous best fixed075 score=53.32 CD=40.65 P2S=65.99; candidate generated on A6000 then copied to Desktop for manual submission."
candidate-registry-v1,router_plane_veto_01414_m2_20260520,ST-AAS v2 router diagnostic,rejected,2026-05-20T13:11:18+08:00,cbc86103fa20cdeb2cddab1bb77d29873aa6c310,true,configs/denoise_staas_v2_gate.yaml,7819c439c63ae5ab6dac3c9e03410dc651a2aef54579f0a552878c68d764a665,,,experiments/staas_v2_gate_300/staas_v2_gate_300.pkl,,,/home/sallen/Desktop/result_router_plane_veto_01414_m2_20260520.zip,f3e20709fa807bc7b015aad67e067e83d2b5423b0e1da0db75af3a607db471fd,105.738,"plane_veto router: low=fixed075/base, strong=ST-AAS v2 high-noise expert",plane_veto; low_threshold=0.01414; veto_margin=-2,,8192,50000/8192,0,predict_router.py --router-mode plane_veto --veto-margin -2,candidate-registry-v1; python=3.12.3,starter_code/evaluate.py,868e1f458a9b92cb3854182f1ed047debc6303d8b30b154fec268cbc4c000408,,30.95,18.10,43.79,,,,,,,,,,,,,"passed: 200 files; shape=(50000,3); dtype=float32; finite; matched_test_root=200",true,true,FAILED. Official hidden score collapsed to 30.95; do not resubmit router/ST-AAS v2 branch without new hidden-aligned evidence.,"Official returned score=30.95, CD_score=18.10, P2S_score=43.79, mean_CD_pred=0.000244, mean_CD_noisy=0.000246, mean_P2S_pred=0.000128, mean_P2S_noisy=0.000196; route_low=109, route_strong=91; zip_sha256=f3e20709fa807bc7b015aad67e067e83d2b5423b0e1da0db75af3a607db471fd; plane_veto/router with ST-AAS v2 high-noise branch collapses official score; current best remains garad_lam20_fixed075_20260520 score=53.43."
candidate-registry-v1,garad_lam20_lam18p5_interp05_20260520,GARA-D zip-level conservative interpolation,archive,2026-05-20T17:54:16+08:00,cbc86103fa20cdeb2cddab1bb77d29873aa6c310,true,analysis/a6000_fixed075_fast_ablation_lam_seed_control2_20260519_2313/garad_ms002_lam20_seed20260530/garad_v0.pkl + analysis/garad_lam18p5_fixed075_artifact_20260520,,,,,,,/home/sallen/Desktop/result_garad_lam20_lam18p5_interp05_20260520.zip,9398486a6becef517e7f8d41039aca7617b75176b5f37b05a63376829aee8f93,105.816,interp05: out=0.95*garad_lam20_fixed075 + 0.05*garad_lam18p5_fixed075,,,8192,50000/8192,0,zip-level interpolation; no official submission; hold because daily quota exhausted,candidate-registry-v1; python=3.12.3,starter_code/evaluate.py,868e1f458a9b92cb3854182f1ed047debc6303d8b30b154fec268cbc4c000408,,,,,,,,,,,,,,,,,"passed: 200 files; shape=(50000,3); dtype=float32; finite; matched_test_root=200",false,false,HOLD. Conservative A/B candidate for next submission window only; not a structural route and not recommended over new training-level evidence.,"Current official best remains garad_lam20_fixed075_20260520 score=53.43 CD=40.80 P2S=66.07. interp05 sha256=9398486a6becef517e7f8d41039aca7617b75176b5f37b05a63376829aee8f93; delta_vs_lam20_mean=3.84436843705771e-05, delta_vs_lam20_p95_mean=7.556723025663813e-05, delta_vs_lam20_max_mean=0.00010508100684091914; delta_vs_base_mean=0.0002175556700967718, delta_vs_base_p95_mean=0.0004214893368771299, delta_vs_base_max_mean=0.0005611703565227799. raw lam18.5 is high movement risk and should not be submitted. Today has no remaining official quota, so this is registered as archive/hold only."
